{
  "hash": "f1ae8ca3",
  "configHash": "d74947ba",
  "lockfileHash": "802ddc36",
  "browserHash": "b380704b",
  "optimized": {
    "@angular/cdk/bidi": {
      "src": "../../../../../../node_modules/@angular/cdk/fesm2022/bidi.mjs",
      "file": "@angular_cdk_bidi.js",
      "fileHash": "0f01eccc",
      "needsInterop": false
    },
    "@angular/cdk/scrolling": {
      "src": "../../../../../../node_modules/@angular/cdk/fesm2022/scrolling.mjs",
      "file": "@angular_cdk_scrolling.js",
      "fileHash": "f935995c",
      "needsInterop": false
    },
    "@angular/cdk/text-field": {
      "src": "../../../../../../node_modules/@angular/cdk/fesm2022/text-field.mjs",
      "file": "@angular_cdk_text-field.js",
      "fileHash": "5df998f1",
      "needsInterop": false
    },
    "@angular/common": {
      "src": "../../../../../../node_modules/@angular/common/fesm2022/common.mjs",
      "file": "@angular_common.js",
      "fileHash": "00dc926c",
      "needsInterop": false
    },
    "@angular/common/http": {
      "src": "../../../../../../node_modules/@angular/common/fesm2022/http.mjs",
      "file": "@angular_common_http.js",
      "fileHash": "c34c7cd6",
      "needsInterop": false
    },
    "@angular/compiler": {
      "src": "../../../../../../node_modules/@angular/compiler/fesm2022/compiler.mjs",
      "file": "@angular_compiler.js",
      "fileHash": "dbe300ea",
      "needsInterop": false
    },
    "@angular/core": {
      "src": "../../../../../../node_modules/@angular/core/fesm2022/core.mjs",
      "file": "@angular_core.js",
      "fileHash": "1ee82ea8",
      "needsInterop": false
    },
    "@angular/forms": {
      "src": "../../../../../../node_modules/@angular/forms/fesm2022/forms.mjs",
      "file": "@angular_forms.js",
      "fileHash": "f98f6f00",
      "needsInterop": false
    },
    "@angular/material/button": {
      "src": "../../../../../../node_modules/@angular/material/fesm2022/button.mjs",
      "file": "@angular_material_button.js",
      "fileHash": "6fa112b7",
      "needsInterop": false
    },
    "@angular/material/card": {
      "src": "../../../../../../node_modules/@angular/material/fesm2022/card.mjs",
      "file": "@angular_material_card.js",
      "fileHash": "c53b42ab",
      "needsInterop": false
    },
    "@angular/material/core": {
      "src": "../../../../../../node_modules/@angular/material/fesm2022/core.mjs",
      "file": "@angular_material_core.js",
      "fileHash": "620de6d1",
      "needsInterop": false
    },
    "@angular/material/dialog": {
      "src": "../../../../../../node_modules/@angular/material/fesm2022/dialog.mjs",
      "file": "@angular_material_dialog.js",
      "fileHash": "8ee7ee03",
      "needsInterop": false
    },
    "@angular/material/form-field": {
      "src": "../../../../../../node_modules/@angular/material/fesm2022/form-field.mjs",
      "file": "@angular_material_form-field.js",
      "fileHash": "671494d0",
      "needsInterop": false
    },
    "@angular/material/icon": {
      "src": "../../../../../../node_modules/@angular/material/fesm2022/icon.mjs",
      "file": "@angular_material_icon.js",
      "fileHash": "0d4c395a",
      "needsInterop": false
    },
    "@angular/material/input": {
      "src": "../../../../../../node_modules/@angular/material/fesm2022/input.mjs",
      "file": "@angular_material_input.js",
      "fileHash": "314203e4",
      "needsInterop": false
    },
    "@angular/material/menu": {
      "src": "../../../../../../node_modules/@angular/material/fesm2022/menu.mjs",
      "file": "@angular_material_menu.js",
      "fileHash": "15e18446",
      "needsInterop": false
    },
    "@angular/material/select": {
      "src": "../../../../../../node_modules/@angular/material/fesm2022/select.mjs",
      "file": "@angular_material_select.js",
      "fileHash": "410ac565",
      "needsInterop": false
    },
    "@angular/platform-browser": {
      "src": "../../../../../../node_modules/@angular/platform-browser/fesm2022/platform-browser.mjs",
      "file": "@angular_platform-browser.js",
      "fileHash": "2d2eb43c",
      "needsInterop": false
    },
    "@angular/router": {
      "src": "../../../../../../node_modules/@angular/router/fesm2022/router.mjs",
      "file": "@angular_router.js",
      "fileHash": "b9cfc6fc",
      "needsInterop": false
    },
    "keycloak-js": {
      "src": "../../../../../../node_modules/keycloak-js/dist/keycloak.mjs",
      "file": "keycloak-js.js",
      "fileHash": "4e98e3d2",
      "needsInterop": false
    },
    "rxjs": {
      "src": "../../../../../../node_modules/rxjs/dist/esm5/index.js",
      "file": "rxjs.js",
      "fileHash": "9a8ad8c6",
      "needsInterop": false
    },
    "zone.js": {
      "src": "../../../../../../node_modules/zone.js/fesm2015/zone.js",
      "file": "zone__js.js",
      "fileHash": "c8d606ea",
      "needsInterop": true
    }
  },
  "chunks": {
    "chunk-A52TB3ZO": {
      "file": "chunk-A52TB3ZO.js"
    },
    "chunk-ZIKUWMZE": {
      "file": "chunk-ZIKUWMZE.js"
    },
    "chunk-WE7N62V6": {
      "file": "chunk-WE7N62V6.js"
    },
    "chunk-XJ6UDERZ": {
      "file": "chunk-XJ6UDERZ.js"
    },
    "chunk-FRGCY3QZ": {
      "file": "chunk-FRGCY3QZ.js"
    },
    "chunk-JRFXUGSM": {
      "file": "chunk-JRFXUGSM.js"
    },
    "chunk-UXOOF3A4": {
      "file": "chunk-UXOOF3A4.js"
    },
    "chunk-H6VWODCK": {
      "file": "chunk-H6VWODCK.js"
    },
    "chunk-QV2ICQVO": {
      "file": "chunk-QV2ICQVO.js"
    },
    "chunk-MAG2TH4V": {
      "file": "chunk-MAG2TH4V.js"
    },
    "chunk-GP7YKVHW": {
      "file": "chunk-GP7YKVHW.js"
    },
    "chunk-FKKDPIMR": {
      "file": "chunk-FKKDPIMR.js"
    },
    "chunk-SRLUXVOM": {
      "file": "chunk-SRLUXVOM.js"
    },
    "chunk-EOFW2REK": {
      "file": "chunk-EOFW2REK.js"
    },
    "chunk-I7KIGHCM": {
      "file": "chunk-I7KIGHCM.js"
    },
    "chunk-MKSFVZDF": {
      "file": "chunk-MKSFVZDF.js"
    },
    "chunk-5IH4LPEQ": {
      "file": "chunk-5IH4LPEQ.js"
    },
    "chunk-JYG6RJYL": {
      "file": "chunk-JYG6RJYL.js"
    },
    "chunk-XUC3BMBJ": {
      "file": "chunk-XUC3BMBJ.js"
    },
    "chunk-5WZ7CC4M": {
      "file": "chunk-5WZ7CC4M.js"
    },
    "chunk-GHTCO3NK": {
      "file": "chunk-GHTCO3NK.js"
    },
    "chunk-3KKC7HMJ": {
      "file": "chunk-3KKC7HMJ.js"
    },
    "chunk-TXDUYLVM": {
      "file": "chunk-TXDUYLVM.js"
    }
  }
}